donor_id,donor_name,structure_acronym,mip_1a_pg_per_mg,rantes_pg_per_mg
309335467,H14.09.030,FWM,9.38,15.99
309335480,H14.09.043,PCx,8.1,24.04
309335493,H14.09.056,FWM,27,129.8
326765668,H14.09.081,FWM,8.06,15.16
326765668,H14.09.081,TCx,10.52,17.9
467056408,H15.09.109,TCx,11.48,55.03
326765677,H14.09.090,FWM,2.73,16.81
326765666,H14.09.079,FWM,8.9,25.9
309335479,H14.09.042,PCx,9.34,29.72
309335497,H14.09.060,PCx,6.96,20.48
326765662,H14.09.075,TCx,5.9,30.1
326765653,H14.09.066,TCx,8.88,31.7
326765676,H14.09.089,HIP,,
467056409,H15.09.110,HIP,49.67,16.19
309335497,H14.09.060,FWM,2.94,9.42
326765681,H14.09.094,TCx,11.9,10.04
326765670,H14.09.083,TCx,12.3,79.08
326765683,H14.09.096,HIP,17.98,7.58
326765682,H14.09.095,PCx,531.05,104.47
326765670,H14.09.083,HIP,23.86,12.78
309335453,H14.09.016,TCx,17.06,98
326765672,H14.09.085,TCx,3.98,17.64
467056397,H15.09.104,TCx,11.21,13.47
326765667,H14.09.080,HIP,24.72,11.78
309335438,H14.09.001,TCx,12.34,62.82
326765658,H14.09.071,TCx,15.38,89.46
309335471,H14.09.034,HIP,0.1052,0.1182
309335474,H14.09.037,TCx,9.7,59
467056407,H15.09.108,FWM,6.36,14.9
326765652,H14.09.065,HIP,11.24,14.84
309335464,H14.09.027,HIP,,
326765649,H14.09.062,FWM,23.54,181.62
326765657,H14.09.070,FWM,0,11.58
309335451,H14.09.014,FWM,9.6,40.94
467056407,H15.09.108,PCx,16.59,88.97
326765649,H14.09.062,TCx,14.36,81.36
309335477,H14.09.040,TCx,8.16,42.98
326765673,H14.09.086,HIP,60.58,10.8
326765679,H14.09.092,PCx,16.42,84.71
326765688,H14.09.101,FWM,16.01,91.29
309335468,H14.09.031,HIP,36.52,22.82
309335470,H14.09.033,HIP,23.24,14.66
326765675,H14.09.088,TCx,5.96,9.74
309335491,H14.09.054,FWM,11.75,35.8
309335476,H14.09.039,FWM,16.78,73.14
326765670,H14.09.083,FWM,,
326765681,H14.09.094,HIP,70.12,7.92
309335468,H14.09.031,TCx,21.3,221.24
326765687,H14.09.100,PCx,16.31,84.67
309335470,H14.09.033,TCx,10.92,46
309335447,H14.09.010,TCx,4.04,18.8
309335444,H14.09.007,FWM,18.26,108.6
326765669,H14.09.082,FWM,9.68,31.92
309335497,H14.09.060,HIP,65.14,15.56
309335447,H14.09.010,PCx,10.7,31.98
309335456,H14.09.019,PCx,4.92,14.48
309335445,H14.09.008,FWM,,
326765669,H14.09.082,HIP,33.08,16.28
309335482,H14.09.045,FWM,12.06,30.9
309335486,H14.09.049,HIP,22.04,11.04
326765674,H14.09.087,PCx,6.1,32.17
309335469,H14.09.032,FWM,18.2,58.64
309335470,H14.09.033,PCx,8.78,30.64
309335482,H14.09.045,PCx,13.5,34.58
326765682,H14.09.095,TCx,441.26,52.64
309335455,H14.09.018,TCx,11.3,30.6
309335446,H14.09.009,PCx,13.24,38.6
309335456,H14.09.019,HIP,22.98,4.42
309335456,H14.09.019,TCx,6.2,4.66
309335483,H14.09.046,HIP,19.3,29.7
309335459,H14.09.022,FWM,2.36,0
467056397,H15.09.104,PCx,6.46,16.93
326765679,H14.09.092,TCx,13.8,41.16
309335457,H14.09.020,TCx,19.92,151.72
309335474,H14.09.037,FWM,19.44,90.5
309335465,H14.09.028,PCx,2.36,0
309335467,H14.09.030,HIP,9.04,5.06
467056406,H15.09.107,FWM,9.36,32.48
309335475,H14.09.038,TCx,8.68,78.9
326765676,H14.09.089,FWM,18.2,87.36
326765682,H14.09.095,HIP,789.64,258.52
309335480,H14.09.043,FWM,11.2,32.72
309335496,H14.09.059,HIP,16.3,19.32
326765686,H14.09.099,PCx,8.73,50.3
309335459,H14.09.022,TCx,,
309335469,H14.09.032,HIP,153.22,23.46
467056391,H15.09.103,FWM,7.54,34.62
309335495,H14.09.058,PCx,,
309335451,H14.09.014,PCx,12.74,81.4
309335461,H14.09.024,FWM,7.38,51.26
326765666,H14.09.079,PCx,10.44,34.58
309335488,H14.09.051,TCx,,
309335491,H14.09.054,PCx,13.96,86.93
326765648,H14.09.061,TCx,7.52,15
326765675,H14.09.088,FWM,12.8,37.48
326765689,H14.09.102,HIP,,
326765650,H14.09.063,HIP,53.26,12.16
326765657,H14.09.070,TCx,15.64,21
309335445,H14.09.008,TCx,9.66,52.74
309335485,H14.09.048,PCx,10.4,22.94
326765670,H14.09.083,PCx,,
326765654,H14.09.067,FWM,5.62,12.3
326765664,H14.09.077,FWM,,
326765680,H14.09.093,TCx,8.94,50.6
309335483,H14.09.046,TCx,22.06,134.3
326765659,H14.09.072,TCx,19.16,114.46
309335462,H14.09.025,TCx,10.56,41
309335463,H14.09.026,PCx,5.42,31.3
326765659,H14.09.072,HIP,18.72,10.18
326765659,H14.09.072,FWM,10.08,45.74
309335451,H14.09.014,TCx,13.16,41.08
326765674,H14.09.087,TCx,7.9,46.72
309335443,H14.09.006,HIP,,
326765679,H14.09.092,HIP,654.2,14.3
467056409,H15.09.110,FWM,10.92,36.14
326765687,H14.09.100,TCx,,
309335479,H14.09.042,FWM,4.18,7.32
309335492,H14.09.055,FWM,8.88,23.1
309335466,H14.09.029,TCx,7.98,24.62
309335461,H14.09.024,PCx,9.78,42.98
309335496,H14.09.059,FWM,,
326765680,H14.09.093,HIP,,
309335479,H14.09.042,HIP,,
326765658,H14.09.071,PCx,6.44,21.52
309335441,H14.09.004,TCx,5.64,25.64
326765665,H14.09.078,TCx,15.38,81.88
309335456,H14.09.019,FWM,5.46,8.4
326765663,H14.09.076,FWM,20.64,126.4
309335454,H14.09.017,HIP,,
309335482,H14.09.045,HIP,19.38,12.4
467056405,H15.09.106,TCx,5.5,12.96
326765678,H14.09.091,PCx,11.3,45.88
467056391,H15.09.103,PCx,10.56,43.04
326765650,H14.09.063,PCx,9.18,32.98
309335483,H14.09.046,PCx,20.66,107.48
326765662,H14.09.075,HIP,15.36,6.2
309335453,H14.09.016,PCx,15.84,97.22
326765667,H14.09.080,TCx,12.54,82.18
467056391,H15.09.103,HIP,21.59,17.16
309335465,H14.09.028,TCx,4.7,14.7
326765669,H14.09.082,TCx,8.38,27.04
326765683,H14.09.096,TCx,13.38,57.38
309335484,H14.09.047,PCx,16.24,65.28
326765674,H14.09.087,FWM,9.73,24.37
309335492,H14.09.055,PCx,9.18,36.28
309335497,H14.09.060,TCx,6.44,18.76
326765660,H14.09.073,PCx,12.73,73.61
326765651,H14.09.064,HIP,28.82,13.56
309335461,H14.09.024,HIP,12.76,9.86
467056397,H15.09.104,HIP,26.13,7.06
309335476,H14.09.039,PCx,17.78,68.58
326765658,H14.09.071,HIP,19.72,8.36
309335478,H14.09.041,HIP,0.27,0.1082
326765662,H14.09.075,PCx,21.12,124.74
309335440,H14.09.003,TCx,15,67.32
309335494,H14.09.057,HIP,4.48,3.46
326765657,H14.09.070,PCx,5.86,10.03
326765663,H14.09.076,TCx,18.88,153.78
467056406,H15.09.107,HIP,71.14,14.19
309335490,H14.09.053,HIP,19.38,10.42
309335446,H14.09.009,FWM,,
309335449,H14.09.012,HIP,20.58,14.12
326765680,H14.09.093,FWM,9.69,56.64
309335460,H14.09.023,HIP,16.08,5.76
309335477,H14.09.040,PCx,18.2,64.36
309335452,H14.09.015,PCx,7.62,29.14
326765649,H14.09.062,HIP,,
309335477,H14.09.040,FWM,9.74,18.5
326765671,H14.09.084,HIP,227.34,17.68
309335487,H14.09.050,PCx,9.9,37.7
309335475,H14.09.038,PCx,,
467056409,H15.09.110,TCx,9.5,20.32
309335491,H14.09.054,TCx,12.56,78.46
309335475,H14.09.038,FWM,,
467056406,H15.09.107,TCx,,
326765651,H14.09.064,PCx,10.24,28.38
309335487,H14.09.050,TCx,6.96,35.92
309335495,H14.09.058,HIP,27,13.36
326765655,H14.09.068,FWM,3.34,34.93
309335494,H14.09.057,PCx,14.46,87.3
326765686,H14.09.099,FWM,12.73,51.02
326765687,H14.09.100,HIP,27,9.22
326765688,H14.09.101,TCx,,
467056407,H15.09.108,HIP,23.91,13.81
309335439,H14.09.002,PCx,12.74,45.94
309335486,H14.09.049,FWM,23.62,131.3
326765681,H14.09.094,PCx,15.6,46.38
326765684,H14.09.097,FWM,8.92,34.72
309335441,H14.09.004,PCx,6.28,17.04
326765689,H14.09.102,TCx,,
309335446,H14.09.009,HIP,118.82,21.28
309335460,H14.09.023,PCx,5.46,3.74
309335458,H14.09.021,FWM,3.56,0
309335463,H14.09.026,HIP,19.68,10.76
309335482,H14.09.045,TCx,8.56,16.24
309335445,H14.09.008,HIP,14.28,13.84
326765678,H14.09.091,TCx,14.76,77.22
309335496,H14.09.059,TCx,24.5,280.04
309335467,H14.09.030,TCx,5.12,10.84
309335455,H14.09.018,HIP,251.34,9.64
326765653,H14.09.066,FWM,18.31,31.73
326765658,H14.09.071,FWM,0,13.69
309335493,H14.09.056,HIP,67.74,29.68
326765650,H14.09.063,FWM,13.02,41.88
309335450,H14.09.013,FWM,8.48,44.44
309335442,H14.09.005,HIP,35.42,14.56
309335470,H14.09.033,FWM,10.58,34.62
326765662,H14.09.075,FWM,7.24,28.28
326765677,H14.09.090,HIP,42.82,7.02
309335453,H14.09.016,FWM,12.78,81.67
326765651,H14.09.064,TCx,11.02,14.96
309335463,H14.09.026,FWM,5.42,37.28
326765653,H14.09.066,HIP,36.66,11.02
326765673,H14.09.086,PCx,13.28,29.9
309335483,H14.09.046,FWM,17.54,112.36
326765656,H14.09.069,HIP,39.32,10.14
326765675,H14.09.088,HIP,53.9,8.32
309335484,H14.09.047,HIP,24.46,15.02
309335488,H14.09.051,PCx,4.24,8.38
326765673,H14.09.086,FWM,8.6,19.56
326765679,H14.09.092,FWM,0.18,27.07
309335492,H14.09.055,TCx,8.42,40.36
309335444,H14.09.007,TCx,18.02,129.76
309335439,H14.09.002,HIP,112.92,11.6
309335481,H14.09.044,TCx,13.38,51.8
326765648,H14.09.061,FWM,8.33,16.25
309335446,H14.09.009,TCx,13.92,66.6
326765688,H14.09.101,PCx,15.08,116.05
309335485,H14.09.048,FWM,10.54,27.62
309335496,H14.09.059,PCx,,
309335455,H14.09.018,FWM,9.1,16.48
326765656,H14.09.069,PCx,6.18,13.38
326765661,H14.09.074,HIP,8.1,8.46
326765651,H14.09.064,FWM,7.72,23.8
309335490,H14.09.053,TCx,8.14,47.92
326765689,H14.09.102,PCx,5.82,13.54
309335495,H14.09.058,FWM,,
326765649,H14.09.062,PCx,21.12,131.64
309335457,H14.09.020,HIP,12.76,13.84
309335476,H14.09.039,TCx,18.7,86.84
326765660,H14.09.073,TCx,15.02,87.34
309335444,H14.09.007,HIP,25.52,17.9
467056409,H15.09.110,PCx,8.96,24.05
467056397,H15.09.104,FWM,4.62,0
309335447,H14.09.010,FWM,6.36,12.44
309335457,H14.09.020,FWM,,
309335475,H14.09.038,HIP,19.72,8.62
309335489,H14.09.052,FWM,12.8,42.84
326765654,H14.09.067,TCx,4.28,15.28
326765655,H14.09.068,TCx,10.08,57.82
326765673,H14.09.086,TCx,8.1,18.48
309335484,H14.09.047,FWM,21.58,103.72
326765676,H14.09.089,TCx,14.6,65.18
326765666,H14.09.079,TCx,6.24,12.54
326765684,H14.09.097,PCx,14.22,35.86
309335451,H14.09.014,HIP,15.4,10.12
309335490,H14.09.053,PCx,11.3,46.38
467056405,H15.09.106,HIP,110.7,14.06
326765660,H14.09.073,FWM,5.7,25.98
326765688,H14.09.101,HIP,,
309335438,H14.09.001,FWM,10.42,43.98
309335465,H14.09.028,HIP,19.64,2.78
309335452,H14.09.015,FWM,6.62,17.78
309335487,H14.09.050,FWM,6.14,26.98
309335458,H14.09.021,TCx,,
309335489,H14.09.052,TCx,2.58,13.7
309335444,H14.09.007,PCx,21.84,145.16
309335462,H14.09.025,HIP,,
309335481,H14.09.044,HIP,17.66,12.72
326765680,H14.09.093,PCx,13.31,69.63
467056391,H15.09.103,TCx,14.78,62.78
309335494,H14.09.057,FWM,,
326765648,H14.09.061,PCx,9.18,21.38
309335457,H14.09.020,PCx,,
326765650,H14.09.063,TCx,9.88,38.66
326765689,H14.09.102,FWM,8.02,21.92
309335484,H14.09.047,TCx,12.56,88.54
309335461,H14.09.024,TCx,8.92,32.66
326765686,H14.09.099,HIP,,
326765656,H14.09.069,TCx,5.32,19.1
309335455,H14.09.018,PCx,11.26,27.2
309335495,H14.09.058,TCx,14.78,67.96
309335438,H14.09.001,PCx,10.26,56.28
309335493,H14.09.056,PCx,30.22,185.18
326765661,H14.09.074,TCx,4.64,16.22
326765665,H14.09.078,HIP,3.7,12.78
467056408,H15.09.109,PCx,19.62,169.2
326765678,H14.09.091,HIP,176.88,11.14
309335471,H14.09.034,TCx,,
326765667,H14.09.080,PCx,22.18,110.66
326765681,H14.09.094,FWM,12.8,12.14
326765683,H14.09.096,FWM,11.3,41.28
309335440,H14.09.003,HIP,,
467056407,H15.09.108,TCx,7.78,34.41
326765664,H14.09.077,PCx,,
309335452,H14.09.015,TCx,7.82,14.48
309335488,H14.09.051,FWM,6,11.76
309335469,H14.09.032,TCx,11.86,69.26
309335439,H14.09.002,TCx,8.06,23.44
309335447,H14.09.010,HIP,11.14,6.72
309335469,H14.09.032,PCx,25.34,80.78
309335485,H14.09.048,HIP,58.08,8.58
309335448,H14.09.011,TCx,,
467056408,H15.09.109,HIP,44.83,24.38
309335454,H14.09.017,TCx,8.16,26.12
326765672,H14.09.085,HIP,33.02,13.02
326765686,H14.09.099,TCx,,
326765663,H14.09.076,PCx,22.9,151.16
326765668,H14.09.081,PCx,12.8,22.5
309335474,H14.09.037,PCx,18.52,87.54
309335493,H14.09.056,TCx,30.56,337.66
326765678,H14.09.091,FWM,9.74,35.86
326765684,H14.09.097,TCx,5.84,23.98
309335460,H14.09.023,TCx,2.92,17.38
309335443,H14.09.006,TCx,2.92,27.42
326765669,H14.09.082,PCx,13.82,34.3
309335439,H14.09.002,FWM,12.94,52.9
309335465,H14.09.028,FWM,5.46,4.88
326765674,H14.09.087,HIP,31.02,19.12
326765685,H14.09.098,PCx,8.92,24.6
309335460,H14.09.023,FWM,0,4.92
326765659,H14.09.072,PCx,9.84,46.02
326765657,H14.09.070,HIP,7.62,12.4
326765655,H14.09.068,HIP,31.9,18.56
467056406,H15.09.107,PCx,9.02,44.74
326765676,H14.09.089,PCx,23.06,117.46
309335468,H14.09.031,PCx,26.88,196.08
309335450,H14.09.013,PCx,10.42,50.26
326765655,H14.09.068,PCx,9.6,35.74
309335454,H14.09.017,PCx,9.46,34.5
309335449,H14.09.012,TCx,22.82,194.46
309335488,H14.09.051,HIP,,
309335471,H14.09.034,PCx,,
309335454,H14.09.017,FWM,5.42,31.04
309335466,H14.09.029,HIP,151.8,23.54
309335441,H14.09.004,HIP,16.3,5.9
326765656,H14.09.069,FWM,0,7.02
326765687,H14.09.100,FWM,2.64,17.58
326765663,H14.09.076,HIP,60.02,23.3
309335486,H14.09.049,TCx,15.82,72.76
309335459,H14.09.022,PCx,6.84,21.48
309335487,H14.09.050,HIP,17.98,5.94
309335450,H14.09.013,TCx,,
467056408,H15.09.109,FWM,17.36,99.33
309335485,H14.09.048,TCx,11.48,59.68
326765661,H14.09.074,PCx,,
309335438,H14.09.001,HIP,51.08,22.04
326765685,H14.09.098,TCx,6.44,27.22
309335443,H14.09.006,FWM,1.67,26.18
326765682,H14.09.095,FWM,,
309335443,H14.09.006,PCx,14.44,100.65
326765677,H14.09.090,PCx,4.19,15.16
309335468,H14.09.031,FWM,22.46,158.58
326765685,H14.09.098,FWM,9.74,31.82
309335463,H14.09.026,TCx,10.32,27.24
326765654,H14.09.067,HIP,49.36,7.58
309335480,H14.09.043,TCx,9.56,36.4
326765654,H14.09.067,PCx,6.14,12.32
309335492,H14.09.055,HIP,13.36,12.22
326765648,H14.09.061,HIP,9.1,11.22
309335490,H14.09.053,FWM,16.26,64.78
326765667,H14.09.080,FWM,26.18,102
309335489,H14.09.052,PCx,16.92,57.28
309335491,H14.09.054,HIP,7.3,10.7
326765661,H14.09.074,FWM,,
309335471,H14.09.034,FWM,,
326765675,H14.09.088,PCx,10.52,18.16
309335474,H14.09.037,HIP,96.04,19.52
326765683,H14.09.096,PCx,9.74,41.8
309335467,H14.09.030,PCx,6.81,5.16
326765668,H14.09.081,HIP,19.72,4.56
309335441,H14.09.004,FWM,5.3,15.5
326765653,H14.09.066,PCx,,
309335452,H14.09.015,HIP,17.82,5.94
309335489,H14.09.052,HIP,21.96,7.62
309335458,H14.09.021,PCx,0,4.88
309335494,H14.09.057,TCx,8.82,39.64
,,,,
,,,,