donor_id,name,ever_tbi_w_loc
326765665,H14.09.078,N
326765656,H14.09.069,Y
326765654,H14.09.067,Y
467056391,H15.09.103,Y
309335447,H14.09.010,N
309335457,H14.09.020,N
326765676,H14.09.089,Y
326765681,H14.09.094,N
326765648,H14.09.061,Y
326765657,H14.09.070,N
309335443,H14.09.006,N
467056408,H15.09.109,Y
326765661,H14.09.074,N
326765680,H14.09.093,Y
326765659,H14.09.072,N
309335452,H14.09.015,Y
467056406,H15.09.107,Y
309335488,H14.09.051,Y
309335475,H14.09.038,N
309335445,H14.09.008,N
326765670,H14.09.083,Y
326765664,H14.09.077,Y
309335469,H14.09.032,N
467056409,H15.09.110,N
309335441,H14.09.004,N
309335492,H14.09.055,Y
309335440,H14.09.003,Y
309335444,H14.09.007,Y
309335461,H14.09.024,N
309335479,H14.09.042,N
309335484,H14.09.047,Y
326765682,H14.09.095,Y
309335491,H14.09.054,N
326765658,H14.09.071,Y
309335497,H14.09.060,N
326765669,H14.09.082,N
309335495,H14.09.058,N
309335465,H14.09.028,N
326765685,H14.09.098,N
309335438,H14.09.001,Y
326765649,H14.09.062,N
309335481,H14.09.044,N
326765653,H14.09.066,N
309335467,H14.09.030,N
326765675,H14.09.088,N
309335439,H14.09.002,N
309335494,H14.09.057,Y
326765688,H14.09.101,Y
326765686,H14.09.099,Y
309335459,H14.09.022,N
467056407,H15.09.108,N
326765652,H14.09.065,Y
309335446,H14.09.009,Y
326765673,H14.09.086,N
326765674,H14.09.087,Y
309335450,H14.09.013,Y
326765683,H14.09.096,N
326765666,H14.09.079,Y
326765660,H14.09.073,Y
309335448,H14.09.011,Y
309335489,H14.09.052,N
309335449,H14.09.012,N
309335460,H14.09.023,Y
309335471,H14.09.034,N
309335474,H14.09.037,Y
326765671,H14.09.084,N
309335456,H14.09.019,Y
309335482,H14.09.045,Y
309335496,H14.09.059,Y
309335463,H14.09.026,N
326765689,H14.09.102,N
309335455,H14.09.018,N
326765650,H14.09.063,Y
309335466,H14.09.029,Y
309335476,H14.09.039,Y
309335451,H14.09.014,N
309335490,H14.09.053,Y
309335487,H14.09.050,N
326765677,H14.09.090,N
309335480,H14.09.043,Y
309335485,H14.09.048,N
309335483,H14.09.046,N
326765679,H14.09.092,N
326765687,H14.09.100,N
467056397,H15.09.104,N
309335478,H14.09.041,Y
326765667,H14.09.080,N
326765672,H14.09.085,Y
309335493,H14.09.056,N
309335470,H14.09.033,Y
309335468,H14.09.031,Y
326765655,H14.09.068,N
309335477,H14.09.040,N
326765668,H14.09.081,Y
326765678,H14.09.091,Y
467056405,H15.09.106,N
326765684,H14.09.097,Y
326765663,H14.09.076,N
326765662,H14.09.075,Y
309335464,H14.09.027,Y
326765651,H14.09.064,N
309335453,H14.09.016,N
309335458,H14.09.021,Y
309335462,H14.09.025,Y
309335454,H14.09.017,Y
309335486,H14.09.049,Y
309335442,H14.09.005,Y
,,
,,
,,
,,
,,
,,
,,
,,
,,
,,
,,
,,
,,
,,
,,
,,
,,
,,
,,
,,
,,
,,
,,
,,
,,
,,
,,
,,
,,
,,
,,
,,
,,
,,
,,
,,
,,
,,
,,
,,
,,
,,
,,
,,
,,
,,
,,
,,
,,
,,
,,
,,
,,
,,
,,
,,
,,
,,
,,
,,
,,
,,
,,
,,
,,
,,
,,
,,
,,
,,
,,
,,
,,
,,
,,
,,
,,
,,
,,
,,
,,
,,
,,
,,
,,
,,
,,
,,
,,
,,
,,
,,
,,
,,
,,
,,
,,
,,
,,
,,
,,
,,
,,
,,
,,
,,
,,
,,
,,
,,
,,
,,
,,
,,
,,
,,
,,
,,
,,
,,
,,
,,
,,
,,
,,
,,
,,
,,
,,
,,
,,
,,
,,
,,
,,
,,
,,
,,
,,
,,
,,
,,
,,
,,
,,
,,
,,
,,
,,
,,
,,
,,
,,
,,
,,
,,
,,
,,
,,
,,
,,
,,
,,
,,
,,
,,
,,
,,
,,
,,
,,
,,
,,
,,
,,
,,
,,
,,
,,
,,
,,
,,
,,
,,
,,
,,
,,
,,
,,
,,
,,
,,
,,
,,
,,
,,
,,
,,
,,
,,
,,
,,
,,
,,
,,
,,
,,
,,
,,
,,
,,
,,
,,
,,
,,
,,
,,
,,
,,
,,
,,
,,
,,
,,
,,
,,
,,
,,
,,
,,
,,
,,
,,
,,
,,
,,
,,
,,
,,
,,
,,
,,
,,
,,
,,
,,
,,
,,
,,
,,
,,
,,
,,
,,
,,
,,
,,
,,
,,
,,
,,
,,
,,
,,
,,
,,
,,
,,
,,
,,
,,
,,
,,
,,
,,
,,
,,
,,
,,
,,
,,
,,
,,
,,
,,
,,
,,
,,
,,
,,
,,
,,
,,
,,
,,
,,
,,
,,
,,
,,
,,
,,
,,
,,
,,
,,
,,
,,
,,
,,
,,
,,
,,
,,
,,
,,
,,
,,
,,
,,
,,
,,
,,
,,
,,
,,
,,
,,
,,
,,
,,
,,
,,
,,
,,
,,
,,
,,
,,
,,
,,
,,
,,
,,
,,
,,
,,
,,
,,
,,
,,
,,
,,
,,
,,
,,
,,
,,
,,
,,
,,
,,
,,
,,
,,
,,
,,
,,
,,
,,
,,
,,
,,
,,
,,
,,
,,
,,
,,
,,
,,
,,
,,
,,
,,
,,
,,
,,
,,
,,
,,
,,
,,
,,
,,
,,
,,
,,
,,
,,
,,
,,
,,
,,
,,
,,
,,
,,
,,
,,
,,
,,
,,
,,
,,
,,
,,
,,
,,
,,
,,
,,
,,
,,
,,
,,
,,
,,
,,
,,
,,
,,
,,
,,
,,
,,
,,
,,
,,
,,
,,
,,
,,
,,
,,
,,
,,
,,
,,
,,
,,
,,
,,
,,
,,
,,
,,
,,
,,
,,
,,
,,
,,
,,
,,
,,
,,
,,
,,
,,
,,
,,
,,
,,
,,
,,
,,
,,
,,
,,
,,
,,
,,
,,
,,
,,
,,
,,
,,
,,
,,
,,
,,
,,
,,
,,
,,
,,
,,
,,
,,
,,
,,
,,
,,
,,
,,
,,
,,
,,
,,
,,
,,
,,
,,
,,
,,
,,
,,
,,
,,
,,
,,
,,
,,
,,
,,
,,
,,
,,
,,
,,
,,
,,
,,
,,
,,
,,
,,
,,
,,
,,
,,
,,
,,
,,
,,
,,
,,
,,
,,
,,
,,
,,
,,
,,
,,
,,
,,
,,
,,
,,
,,
,,
,,
,,
,,
,,
,,
,,
,,
,,
,,
,,
,,
,,
,,
,,
,,
,,
,,
,,
,,
,,
,,
,,
,,
,,
,,
,,
,,
,,
,,
,,
,,
,,
,,
,,
,,
,,
,,
,,
,,
,,
,,
,,
,,
,,
,,
,,
,,
,,
,,
,,
,,
,,
,,
,,
,,
,,
,,
,,
,,
,,
,,
,,
,,
,,
,,
,,
,,
,,
,,
,,
,,
,,
,,
,,
,,
,,
,,
,,
,,
,,
,,
,,
,,
,,
,,
,,
,,
,,
,,
,,
,,
,,
,,
,,
,,
,,
,,
,,
,,
,,
,,
,,
,,
,,
,,
,,
,,
,,
,,
,,
,,
,,
,,
,,
,,
,,
,,
,,
,,
,,
,,
,,
,,
,,
,,
,,
,,
,,
,,
,,
,,
,,
,,
,,
,,
,,
,,
,,
,,
,,
,,
,,
,,
,,
,,
,,
,,
,,
,,
,,
,,
,,
,,
,,
,,
,,
,,
,,
,,
,,
,,
,,
,,
,,
,,
,,
,,
,,
,,
,,
,,
,,
,,
,,
,,
,,
,,
,,
,,
,,
,,
,,
,,
,,
,,
,,
,,
,,
,,
,,
,,
,,
,,
,,
,,
,,
,,
,,
,,
,,
,,
,,
,,
,,
,,
,,
,,
,,
,,
,,
,,
,,
,,
,,
,,
,,
,,
,,
,,
,,
,,
,,
,,
,,
,,
,,
,,
,,
,,
,,
,,
,,
,,
,,
,,
,,
,,
,,
,,
,,
,,
,,
,,
,,
,,
,,
,,
,,
,,
,,
,,
,,
,,
,,
,,
,,
,,
,,
,,
,,
,,
,,
,,
,,
,,
,,
,,
,,
,,
,,
,,
,,
,,
,,
,,
,,
,,
,,
,,
,,
,,
,,
,,
,,
,,
,,
,,
,,
,,
,,
,,
,,
,,
,,
,,
,,
,,
,,
,,
,,
,,
,,
,,
,,
,,
,,
,,
,,
,,
,,
,,
,,
,,
,,
,,
,,
,,
,,
,,
,,
,,
,,
,,
,,
,,
,,
,,
,,